{"best_score": 0.04246153355882987, "loss": 0.04251010707118756, "error": 0.04251011833548546, "anisotropy": 0.622113823890686, "energy_decay": 0.23154231905937195, "energy_preservation": 0.01445456501096487, "frame_error_global": 0.9360344409942627, "sparsity_hoyer": 0.7699889540672302, "psnr": 24.1104736328125, "ssim": 0.7087905406951904}