{"best_score": 0.03317475734776802, "loss": 0.033193356188282445, "error": 0.03319335728883743, "anisotropy": 0.6197801828384399, "energy_decay": 0.23147045075893402, "energy_preservation": 0.014456875622272491, "frame_error_global": 0.9360344409942627, "sparsity_hoyer": 0.7700158953666687, "psnr": 27.156450271606445, "ssim": 0.7883658409118652}