{"best_score": 0.030977583924026022, "loss": 0.031013747782213514, "error": 0.031013743951916695, "anisotropy": 0.6369408369064331, "energy_decay": 0.2359127700328827, "energy_preservation": 0.9216129183769226, "sparsity_hoyer": 0.7682661414146423, "psnr": 27.641902923583984, "ssim": 0.8048205971717834}