{"best_score": 0.0338610293254048, "loss": 0.033615276197686936, "error": 0.03361527621746063, "psnr": 26.910846710205078, "ssim": 0.7615603804588318}