{"best_score": 0.032539639754147004, "loss": 0.03248408830740003, "error": 0.032484088093042374, "anisotropy": 0.6376216411590576, "energy_decay": 0.23612511157989502, "energy_preservation": 0.9215428829193115, "frame_error_global": 0.9360344409942627, "frame_error_local_coverage": 0.07813925296068192, "frame_error_local_excess": -0.2917136549949646, "frame_error_local_mse": 0.869770348072052, "frame_error_local_var": 0.5226516723632812, "sparsity_hoyer": 0.7681946754455566, "psnr": 27.211198806762695, "ssim": 0.785938560962677}