{"best_score": 0.026053405515863486, "loss": 0.026314724988219042, "error": 0.02631472423672676, "psnr": 28.893203735351562, "ssim": 0.8242865800857544}