{"best_score": 0.034735756313401644, "loss": 0.03474935384212176, "error": 0.0347493551671505, "psnr": 26.75648307800293, "ssim": 0.7766826152801514}