{"best_score": 0.0305165962873839, "loss": 0.030644089800784497, "error": 0.030644090846180916, "anisotropy": 0.8171101212501526, "energy_decay": 0.1256301999092102, "energy_preservation": 0.9216394424438477, "sparsity_hoyer": 0.7950505018234253, "psnr": 27.622821807861328, "ssim": 0.7976869940757751}