{"best_score": 0.03211776865173923, "loss": 0.03232416011575119, "error": 0.0323241651058197, "psnr": 27.27962875366211, "ssim": 0.7967039346694946}