{"best_score": 0.042206616162087034, "loss": 0.04208738988961272, "error": 0.04208739474415779, "anisotropy": 1.6103471517562866, "energy_decay": 0.06973636150360107, "energy_preservation": 0.014457534067332745, "frame_error_global": 0.9360344409942627, "frame_error_local_coverage": 0.07813925296068192, "frame_error_local_excess": -0.2917136549949646, "frame_error_local_mse": 0.869770348072052, "frame_error_local_var": 0.5226516723632812, "sparsity_hoyer": 0.86093670129776, "psnr": 24.141212463378906, "ssim": 0.692993700504303}