{"best_score": 0.030036320782177366, "loss": 0.030066147592866018, "error": 0.030066149309277534, "anisotropy": 0.8174614906311035, "energy_decay": 0.1256324052810669, "energy_preservation": 0.9214938879013062, "sparsity_hoyer": 0.7949471473693848, "psnr": 27.8193302154541, "ssim": 0.8015987277030945}