{"best_score": 0.03283746145621012, "loss": 0.032863068225179086, "error": 0.0328630693256855, "anisotropy": 1.6040384769439697, "energy_decay": 0.07149617373943329, "energy_preservation": 0.014456876553595066, "frame_error_global": 0.9360344409942627, "sparsity_hoyer": 0.8604130148887634, "psnr": 27.150293350219727, "ssim": 0.782197117805481}