{"best_score": 0.03292390284575635, "loss": 0.03302994427497641, "error": 0.033029939979314804, "anisotropy": 0.6220142841339111, "energy_decay": 0.2312810868024826, "energy_preservation": 0.014455859549343586, "frame_error_global": 0.9360344409942627, "sparsity_hoyer": 0.7699068188667297, "psnr": 27.159650802612305, "ssim": 0.7902939319610596}