{"best_score": 0.03352649876464394, "loss": 0.03368967376592213, "error": 0.033689673990011215, "anisotropy": 0.8171101212501526, "energy_decay": 0.1256301999092102, "energy_preservation": 0.9216394424438477, "sparsity_hoyer": 0.7950505018234253, "psnr": 26.541032791137695, "ssim": 0.7687554955482483}