{"best_score": 0.03457749710661323, "loss": 0.03464451102507047, "error": 0.034644514322280884, "psnr": 26.56151580810547, "ssim": 0.7822774648666382}