{"best_score": 0.03224434418239164, "loss": 0.03224649916695754, "error": 0.03224648907780647, "anisotropy": 0.6376653909683228, "energy_decay": 0.2358541488647461, "energy_preservation": 0.9216306805610657, "sparsity_hoyer": 0.7682393789291382, "psnr": 27.27332305908203, "ssim": 0.8011087775230408}