{"best_score": 0.03126739701892015, "loss": 0.0313509599095234, "error": 0.031350959092378616, "anisotropy": 0.6357258558273315, "energy_decay": 0.23595181107521057, "energy_preservation": 0.9217155575752258, "sparsity_hoyer": 0.7683709263801575, "psnr": 27.487770080566406, "ssim": 0.7979616522789001}