{"best_score": 0.030993109345260984, "loss": 0.03108155526968958, "error": 0.031081557273864746, "anisotropy": 0.8174614906311035, "energy_decay": 0.1256324052810669, "energy_preservation": 0.9214938879013062, "sparsity_hoyer": 0.7949471473693848, "psnr": 27.448715209960938, "ssim": 0.7908987998962402}