{"best_score": 0.02584295959390006, "loss": 0.02586287894024894, "error": 0.025862878188490868, "psnr": 29.10683250427246, "ssim": 0.8257088661193848}