{"best_score": 0.02615539022116425, "loss": 0.026264635208281567, "error": 0.02626463770866394, "psnr": 28.867517471313477, "ssim": 0.8349081873893738}