{"best_score": 0.03315334054427795, "loss": 0.033263811069743826, "error": 0.033263809978961945, "anisotropy": 0.6220142841339111, "energy_decay": 0.2312810868024826, "energy_preservation": 0.014455859549343586, "frame_error_global": 0.9360344409942627, "sparsity_hoyer": 0.7699068188667297, "psnr": 27.128795623779297, "ssim": 0.7834468483924866}