{"best_score": 0.02632539159001088, "loss": 0.026376648845303524, "error": 0.026376649737358093, "psnr": 28.942733764648438, "ssim": 0.8199980854988098}