{"best_score": 0.031611672597945124, "loss": 0.031710494770661755, "error": 0.03171049430966377, "psnr": 27.44624137878418, "ssim": 0.7877812385559082}