{"best_score": 0.030062721462553316, "loss": 0.030107520077990082, "error": 0.030107513070106506, "psnr": 27.85210418701172, "ssim": 0.7991470098495483}