{"best_score": 0.03894311953311145, "loss": 0.03896250646426676, "error": 0.038962505757808685, "psnr": 24.669723510742188, "ssim": 0.6981829404830933}