{"best_score": 0.03177719675085008, "loss": 0.031855121441979266, "error": 0.03185512498021126, "psnr": 27.411916732788086, "ssim": 0.7864490151405334}