{"best_score": 0.03462205851379684, "loss": 0.03462123437549395, "error": 0.0346212275326252, "anisotropy": 0.6374291181564331, "energy_decay": 0.23581922054290771, "energy_preservation": 0.9216641783714294, "frame_error_global": 0.9360344409942627, "frame_error_local_coverage": 0.07813925296068192, "frame_error_local_excess": -0.2917136549949646, "frame_error_local_mse": 0.869770348072052, "frame_error_local_var": 0.5226516723632812, "sparsity_hoyer": 0.768473744392395, "psnr": 26.33393669128418, "ssim": 0.7821100354194641}