{"best_score": 0.03774045459261555, "loss": 0.03782578883136361, "error": 0.03782578930258751, "psnr": 25.010997772216797, "ssim": 0.7120873928070068}