{"best_score": 0.031436632875770164, "loss": 0.03152219148108316, "error": 0.03152218833565712, "anisotropy": 0.6357258558273315, "energy_decay": 0.23595181107521057, "energy_preservation": 0.9217155575752258, "sparsity_hoyer": 0.7683709263801575, "psnr": 27.468421936035156, "ssim": 0.7984456419944763}