{"best_score": 0.03254624466645336, "loss": 0.032549141134443675, "error": 0.03254913538694382, "anisotropy": 0.6218535304069519, "energy_decay": 0.2316359132528305, "energy_preservation": 0.014458715915679932, "frame_error_global": 0.9360344409942627, "sparsity_hoyer": 0.7698808908462524, "psnr": 27.23979377746582, "ssim": 0.7879766225814819}