{"best_score": 0.031203857015831386, "loss": 0.031210455162353164, "error": 0.031210457906126976, "anisotropy": 0.6376216411590576, "energy_decay": 0.23612511157989502, "energy_preservation": 0.9215428829193115, "frame_error_global": 0.9360344409942627, "frame_error_local_coverage": 0.07813925296068192, "frame_error_local_excess": -0.2917136549949646, "frame_error_local_mse": 0.869770348072052, "frame_error_local_var": 0.5226516723632812, "sparsity_hoyer": 0.7681946754455566, "psnr": 27.58244514465332, "ssim": 0.7977645397186279}