{"best_score": 0.041453829385160706, "loss": 0.04148642898968014, "error": 0.04148642346262932, "anisotropy": 1.6055876016616821, "energy_decay": 0.07157348841428757, "energy_preservation": 0.014454565942287445, "frame_error_global": 0.9360344409942627, "sparsity_hoyer": 0.8603839874267578, "psnr": 24.212646484375, "ssim": 0.7032360434532166}