{"best_score": 0.023562986222191586, "loss": 0.02365574764890375, "error": 0.02365574799478054, "psnr": 29.60049819946289, "ssim": 0.8567680716514587}