{"best_score": 0.0408159457087098, "loss": 0.04080267729295041, "error": 0.04080267995595932, "anisotropy": 1.6055876016616821, "energy_decay": 0.07157348841428757, "energy_preservation": 0.014454565942287445, "frame_error_global": 0.9360344409942627, "sparsity_hoyer": 0.8603839874267578, "psnr": 24.470661163330078, "ssim": 0.7180418968200684}