{"best_score": 0.029988548768766454, "loss": 0.02994360518201423, "error": 0.02994360215961933, "psnr": 27.884517669677734, "ssim": 0.803918719291687}