{"best_score": 0.03216551575227128, "loss": 0.032168903547703305, "error": 0.03216889873147011, "anisotropy": 0.6376653909683228, "energy_decay": 0.2358541488647461, "energy_preservation": 0.9216306805610657, "sparsity_hoyer": 0.7682393789291382, "psnr": 27.28536033630371, "ssim": 0.8005037307739258}