{"best_score": 0.028151049542198953, "loss": 0.028339615354889647, "error": 0.02833961509168148, "psnr": 28.5220947265625, "ssim": 0.7662035822868347}