{"best_score": 0.0246360089100606, "loss": 0.024643686418358436, "error": 0.024643681943416595, "psnr": 29.266328811645508, "ssim": 0.8423532247543335}