{"best_score": 0.03256790736649494, "loss": 0.03258361327256646, "error": 0.03258361667394638, "psnr": 27.220964431762695, "ssim": 0.7552350163459778}