{"best_score": 0.03178125863208314, "loss": 0.03191614383362266, "error": 0.031916141510009766, "anisotropy": 0.6357258558273315, "energy_decay": 0.23595181107521057, "energy_preservation": 0.9217155575752258, "frame_error_global": 0.9360344409942627, "frame_error_local_coverage": 0.07813925296068192, "frame_error_local_excess": -0.2917136549949646, "frame_error_local_mse": 0.869770348072052, "frame_error_local_var": 0.5226516723632812, "sparsity_hoyer": 0.7683709263801575, "psnr": 27.393577575683594, "ssim": 0.7976845502853394}