{"best_score": 0.03654274442517508, "loss": 0.03661160652589938, "error": 0.03661160543560982, "psnr": 26.243083953857422, "ssim": 0.7911381721496582}