{"best_score": 0.03218408758443104, "loss": 0.03218868355176873, "error": 0.03218868374824524, "psnr": 27.27791976928711, "ssim": 0.800841748714447}