{"best_score": 0.024660242211062857, "loss": 0.024703723402238423, "error": 0.024703726172447205, "psnr": 29.288881301879883, "ssim": 0.8426600098609924}