{"best_score": 0.030589719243670124, "loss": 0.030657824590018982, "error": 0.030657820403575897, "anisotropy": 0.8180230855941772, "energy_decay": 0.12530094385147095, "energy_preservation": 0.9217422604560852, "sparsity_hoyer": 0.7951715588569641, "psnr": 27.639293670654297, "ssim": 0.8003001809120178}