{"best_score": 0.03038443871053031, "loss": 0.03059185660158671, "error": 0.03059186227619648, "psnr": 27.731334686279297, "ssim": 0.7971661686897278}