{"best_score": 0.03053983844203219, "loss": 0.030435753433926783, "error": 0.03043576143682003, "psnr": 27.745874404907227, "ssim": 0.7991725206375122}