{"best_score": 0.04059202127547807, "loss": 0.04056479195084148, "error": 0.04056479409337044, "anisotropy": 1.6038141250610352, "energy_decay": 0.07147572934627533, "energy_preservation": 0.014455936849117279, "frame_error_global": 0.9360344409942627, "sparsity_hoyer": 0.8603613972663879, "psnr": 24.57695960998535, "ssim": 0.7217848300933838}