{"best_score": 0.03295559013763857, "loss": 0.0329612462787681, "error": 0.03296124190092087, "anisotropy": 1.6038429737091064, "energy_decay": 0.07157589495182037, "energy_preservation": 0.014458715915679932, "frame_error_global": 0.9360344409942627, "sparsity_hoyer": 0.8603377342224121, "psnr": 27.13327980041504, "ssim": 0.7880715727806091}