{"best_score": 0.02634008367702517, "loss": 0.026306423131747306, "error": 0.02630642242729664, "psnr": 28.861221313476562, "ssim": 0.8321314454078674}