{"best_score": 0.03291545780439386, "loss": 0.03292789027596714, "error": 0.032927900552749634, "anisotropy": 0.6218535304069519, "energy_decay": 0.2316359132528305, "energy_preservation": 0.014458715915679932, "frame_error_global": 0.9360344409942627, "sparsity_hoyer": 0.7698808908462524, "psnr": 27.122787475585938, "ssim": 0.7865723371505737}