{"best_score": 0.03143129609610816, "loss": 0.031539468363986786, "error": 0.031539469957351685, "psnr": 27.470176696777344, "ssim": 0.7979333400726318}