{"best_score": 0.032417026672346916, "loss": 0.0325227003935011, "error": 0.03252270072698593, "anisotropy": 1.604260802268982, "energy_decay": 0.07146874815225601, "energy_preservation": 0.014455857686698437, "frame_error_global": 0.9360344409942627, "sparsity_hoyer": 0.8603296875953674, "psnr": 27.316591262817383, "ssim": 0.791678786277771}