{"best_score": 0.04347010764256727, "loss": 0.043554799871359434, "error": 0.04355480521917343, "anisotropy": 0.621607780456543, "energy_decay": 0.2311927080154419, "energy_preservation": 0.014457536861300468, "frame_error_global": 0.9360344409942627, "sparsity_hoyer": 0.7701669931411743, "psnr": 24.044326782226562, "ssim": 0.7012243866920471}