{"best_score": 0.03651364486784973, "loss": 0.0365905904376429, "error": 0.036590591073036194, "psnr": 26.353322982788086, "ssim": 0.7832913398742676}