{"best_score": 0.03177719675085008, "loss": 0.031855121441979266, "error": 0.03185512498021126, "anisotropy": 0.6376216411590576, "energy_decay": 0.23612508177757263, "energy_preservation": 0.921542763710022, "sparsity_hoyer": 0.7681946754455566, "psnr": 27.411916732788086, "ssim": 0.7864490151405334}