{"best_score": 0.03284161249788377, "loss": 0.03274579849708271, "error": 0.03274580091238022, "anisotropy": 0.8174614906311035, "energy_decay": 0.1256324052810669, "energy_preservation": 0.9214940071105957, "sparsity_hoyer": 0.7949471473693848, "psnr": 26.607255935668945, "ssim": 0.7700852155685425}