{"best_score": 0.03143129609610816, "loss": 0.031539468363986786, "error": 0.031539469957351685, "anisotropy": 0.6357258558273315, "energy_decay": 0.23595181107521057, "energy_preservation": 0.9217155575752258, "sparsity_hoyer": 0.7683709263801575, "psnr": 27.470176696777344, "ssim": 0.7979333400726318}