{"best_score": 0.023429031795389743, "loss": 0.023456745599507948, "error": 0.023456746712327003, "psnr": 29.655197143554688, "ssim": 0.8563094139099121}