{"best_score": 0.03211776865173923, "loss": 0.03232416011575119, "error": 0.0323241651058197, "anisotropy": 0.6376653909683228, "energy_decay": 0.2358541488647461, "energy_preservation": 0.9216306805610657, "sparsity_hoyer": 0.7682393789291382, "psnr": 27.27962875366211, "ssim": 0.7967039346694946}