{"best_score": 0.04087298105362817, "loss": 0.04077229689316675, "error": 0.04077228903770447, "anisotropy": 1.604583501815796, "energy_decay": 0.07136274129152298, "energy_preservation": 0.014457534067332745, "frame_error_global": 0.9360344409942627, "sparsity_hoyer": 0.8604645133018494, "psnr": 24.46634292602539, "ssim": 0.7122521996498108}