{"best_score": 0.03248396411279554, "loss": 0.03253389754785485, "error": 0.03253389894962311, "anisotropy": 0.637557327747345, "energy_decay": 0.2356811910867691, "energy_preservation": 0.9215098023414612, "sparsity_hoyer": 0.7681958675384521, "psnr": 27.179784774780273, "ssim": 0.7956864237785339}