{"best_score": 0.04090250896455409, "loss": 0.04093162991490681, "error": 0.04093163460493088, "anisotropy": 1.6098902225494385, "energy_decay": 0.06993522495031357, "energy_preservation": 0.014455936849117279, "frame_error_global": 0.9360344409942627, "frame_error_local_coverage": 0.07813925296068192, "frame_error_local_excess": -0.2917136549949646, "frame_error_local_mse": 0.869770348072052, "frame_error_local_var": 0.5226516723632812, "sparsity_hoyer": 0.8608546257019043, "psnr": 24.40452766418457, "ssim": 0.71034836769104}