{"best_score": 0.0325849021956177, "loss": 0.03261846506159755, "error": 0.03261846676468849, "psnr": 27.2210693359375, "ssim": 0.7544853091239929}