{"best_score": 0.032677465551931746, "loss": 0.03263871379483634, "error": 0.03263871744275093, "psnr": 27.225685119628906, "ssim": 0.753284215927124}