{"best_score": 0.025899333926517845, "loss": 0.02608196398243163, "error": 0.026081960648298264, "psnr": 28.901473999023438, "ssim": 0.8385220766067505}