{"best_score": 0.03215338716577568, "loss": 0.032156145962376016, "error": 0.032156143337488174, "anisotropy": 0.6376653909683228, "energy_decay": 0.2358541488647461, "energy_preservation": 0.9216306805610657, "sparsity_hoyer": 0.7682393789291382, "psnr": 27.282114028930664, "ssim": 0.8003190159797668}