{"best_score": 0.03620722256616235, "loss": 0.036281869631841705, "error": 0.03628186509013176, "psnr": 26.483192443847656, "ssim": 0.7922804951667786}