{"best_score": 0.03372311881463703, "loss": 0.03375875800950776, "error": 0.03375875949859619, "psnr": 26.94602394104004, "ssim": 0.7855164408683777}