{"best_score": 0.03230943908330218, "loss": 0.03230605695798112, "error": 0.03230606019496918, "anisotropy": 0.6376653909683228, "energy_decay": 0.2358541488647461, "energy_preservation": 0.9216306805610657, "sparsity_hoyer": 0.7682393789291382, "psnr": 27.223129272460938, "ssim": 0.7975656390190125}