{"best_score": 0.03370849851946498, "loss": 0.033654170310159874, "error": 0.03365417197346687, "psnr": 27.00269889831543, "ssim": 0.7638663649559021}