{"best_score": 0.03803151963157634, "loss": 0.03806850486149084, "error": 0.0380685068666935, "psnr": 25.825563430786133, "ssim": 0.7886910438537598}