{"best_score": 0.042657576358137106, "loss": 0.04272812155049637, "error": 0.04272811487317085, "anisotropy": 0.621607780456543, "energy_decay": 0.2311927080154419, "energy_preservation": 0.014457536861300468, "frame_error_global": 0.9360344409942627, "sparsity_hoyer": 0.7701669931411743, "psnr": 24.150299072265625, "ssim": 0.7112786173820496}