{"best_score": 0.030031834615032022, "loss": 0.0300373264735986, "error": 0.030037319287657738, "psnr": 27.9066219329834, "ssim": 0.8007019758224487}