{"best_score": 0.031512628962198655, "loss": 0.03158894424574363, "error": 0.03158894181251526, "psnr": 27.468128204345703, "ssim": 0.7887367010116577}