{"best_score": 0.035590123325173445, "loss": 0.035727715032289914, "error": 0.035727713257074356, "psnr": 26.472822189331055, "ssim": 0.7857241630554199}