{"best_score": 0.032746063595314345, "loss": 0.032676611666090156, "error": 0.03267660737037659, "psnr": 27.065481185913086, "ssim": 0.8020139932632446}