{"best_score": 0.03133034089338573, "loss": 0.03143085760752662, "error": 0.03143085539340973, "anisotropy": 0.6357258558273315, "energy_decay": 0.23595181107521057, "energy_preservation": 0.9217156767845154, "sparsity_hoyer": 0.7683709263801575, "psnr": 27.484344482421875, "ssim": 0.7987484931945801}