{"best_score": 0.03088652665327411, "loss": 0.030956306818922124, "error": 0.03095630742609501, "psnr": 27.66704750061035, "ssim": 0.8036841154098511}