{"best_score": 0.04158752742433616, "loss": 0.041564954548220914, "error": 0.041564952582120895, "anisotropy": 0.6201791167259216, "energy_decay": 0.2314564287662506, "energy_preservation": 0.014455935917794704, "frame_error_global": 0.9360344409942627, "sparsity_hoyer": 0.7699108123779297, "psnr": 24.31442642211914, "ssim": 0.7206899523735046}